Cluster,PercentTotalSales,PercentCustomers
0,71.85118687952823,23.83348581884721
1,1.3449469252937054,17.90942360475755
2,7.515679232541612,20.539798719121684
3,14.194090578116569,17.612076852698994
4,5.094096384519876,20.105215004574564
